{"stats":{"minecraft:killed_by":{"minecraft:skeleton":1,"minecraft:creeper":1,"minecraft:zombie":3},"minecraft:mined":{"minecraft:dark_oak_log":10,"minecraft:stone":25},"minecraft:picked_up":{"minecraft:cobblestone":24,"minecraft:dark_oak_log":10},"minecraft:crafted":{"minecraft:stick":4,"minecraft:furnace":1,"minecraft:wooden_pickaxe":1,"minecraft:dark_oak_planks":16,"minecraft:stone_pickaxe":1,"minecraft:crafting_table":1},"minecraft:used":{"minecraft:crafting_table":1,"minecraft:wooden_pickaxe":34},"minecraft:custom":{"minecraft:interact_with_crafting_table":3,"minecraft:time_since_rest":42500,"minecraft:walk_one_cm":20428,"minecraft:leave_game":1,"minecraft:walk_under_water_one_cm":2686,"minecraft:damage_taken":1727,"minecraft:damage_dealt":198,"minecraft:play_time":63582,"minecraft:jump":152,"minecraft:time_since_death":0,"minecraft:sprint_one_cm":15456,"minecraft:fall_one_cm":16014,"minecraft:swim_one_cm":700,"minecraft:total_world_time":63715,"minecraft:fly_one_cm":19867,"minecraft:walk_on_water_one_cm":6944,"minecraft:crouch_one_cm":2446,"minecraft:sneak_time":1222,"minecraft:deaths":5}},"DataVersion":4440}