{"stats":{"minecraft:killed_by":{"minecraft:creeper":1,"minecraft:zombie":1},"minecraft:mined":{"minecraft:deepslate":3,"minecraft:dark_oak_log":4,"minecraft:crafting_table":1,"minecraft:deepslate_iron_ore":1,"minecraft:grass_block":1,"minecraft:iron_ore":3,"minecraft:stone":7},"minecraft:picked_up":{"minecraft:dirt":1,"minecraft:cobblestone":7,"minecraft:crafting_table":1,"minecraft:dark_oak_log":4,"minecraft:cobbled_deepslate":3,"minecraft:raw_iron":4},"minecraft:killed":{"minecraft:zombie":1},"minecraft:crafted":{"minecraft:stick":4,"minecraft:wooden_pickaxe":1,"minecraft:dark_oak_planks":16,"minecraft:stone_pickaxe":1,"minecraft:crafting_table":1},"minecraft:used":{"minecraft:crafting_table":1,"minecraft:wooden_pickaxe":7,"minecraft:stone_pickaxe":11},"minecraft:custom":{"minecraft:interact_with_crafting_table":2,"minecraft:time_since_rest":5276,"minecraft:walk_one_cm":31106,"minecraft:leave_game":2,"minecraft:mob_kills":1,"minecraft:walk_under_water_one_cm":1275,"minecraft:damage_taken":1348,"minecraft:damage_dealt":37,"minecraft:play_time":12595,"minecraft:jump":126,"minecraft:time_since_death":5244,"minecraft:sprint_one_cm":13927,"minecraft:fall_one_cm":16339,"minecraft:total_world_time":12595,"minecraft:fly_one_cm":20027,"minecraft:walk_on_water_one_cm":4352,"minecraft:deaths":4}},"DataVersion":4440}